<?xml version="1.0" encoding="UTF-8"?>
<project-private xmlns="http://www.netbeans.org/ns/project-private/1">
    <editor-bookmarks xmlns="http://www.netbeans.org/ns/editor-bookmarks/2" lastBookmarkId="0"/>
    <open-files xmlns="http://www.netbeans.org/ns/projectui-open-files/2">
        <group>
            <file>file:/Users/michaelmontgomery/Desktop/School/Java%20I/In%20Class%20Work/MichaelMontgomeryProject4/src/ShapeApp.java</file>
            <file>file:/Users/michaelmontgomery/Desktop/School/Java%20I/In%20Class%20Work/MichaelMontgomeryProject4/src/Rectangle.java</file>
            <file>file:/Users/michaelmontgomery/Desktop/School/Java%20I/In%20Class%20Work/MichaelMontgomeryProject4/src/Point.java</file>
        </group>
    </open-files>
</project-private>
