<?xml version="1.0" encoding="UTF-8"?>
<project-private xmlns="http://www.netbeans.org/ns/project-private/1">
    <editor-bookmarks xmlns="http://www.netbeans.org/ns/editor-bookmarks/2" lastBookmarkId="0"/>
    <open-files xmlns="http://www.netbeans.org/ns/projectui-open-files/2">
        <group>
            <file>file:/Users/michaelmontgomery/Desktop/School/Java%20I/In%20Class%20Work/MichaelMontgomeryFinalProject/src/Maze.java</file>
            <file>file:/Users/michaelmontgomery/Desktop/School/Java%20I/In%20Class%20Work/MichaelMontgomeryFinalProject/src/Wall.java</file>
            <file>file:/Users/michaelmontgomery/Desktop/School/Java%20I/In%20Class%20Work/MichaelMontgomeryFinalProject/src/Nut.java</file>
            <file>file:/Users/michaelmontgomery/Desktop/School/Java%20I/In%20Class%20Work/MichaelMontgomeryFinalProject/src/Entity.java</file>
            <file>file:/Users/michaelmontgomery/Desktop/School/Java%20I/In%20Class%20Work/MichaelMontgomeryFinalProject/src/Squirrel.java</file>
            <file>file:/Users/michaelmontgomery/Desktop/School/Java%20I/In%20Class%20Work/MichaelMontgomeryFinalProject/src/Movable.java</file>
            <file>file:/Users/michaelmontgomery/Desktop/School/Java%20I/In%20Class%20Work/MichaelMontgomeryFinalProject/src/Peanut.java</file>
            <file>file:/Users/michaelmontgomery/Desktop/School/Java%20I/In%20Class%20Work/MichaelMontgomeryFinalProject/src/Almond.java</file>
            <file>file:/Users/michaelmontgomery/Desktop/School/Java%20I/In%20Class%20Work/MichaelMontgomeryFinalProject/src/HungrySquirrelGame.java</file>
        </group>
    </open-files>
</project-private>
